"Name","State","Notes","User","Tags","Created","Runtime","Sweep","_target_","bias._target_","bias.adult_biased_train","bias.log_dataset","bias.missing_s","bias.mixing_factor","bias.subsample_context.0","bias.subsample_context.1","bias.subsample_context.2","bias.subsample_context.3","bias.subsample_context","bias.subsample_train.0","bias.subsample_train.1","bias.subsample_train.2","bias.subsample_train.3","bias.subsample_train.4","bias.subsample_train.5","bias.subsample_train.6","bias.subsample_train.7","bias.subsample_train.8","clust._target_","clust.batch_size","clust.cl_hidden_dims","clust.cluster","clust.early_stopping","clust.elbo_weight","clust.enc_epochs","clust.enc_lr","clust.enc_path","clust.enc_wandb","clust.enc_wd","clust.encode_batch_size","clust.encoder","clust.epochs","clust.eval_epochs","clust.eval_lr","clust.eval_on_recon","clust.feat_attr","clust.finetune_encoder","clust.finetune_lr","clust.finetune_wd","clust.freeze_layers","clust.k_num","clust.kl_weight","clust.labeler_epochs","clust.labeler_hidden_dims","clust.labeler_lr","clust.labeler_wandb","clust.labeler_wd","clust.log_freq","clust.lower_threshold","clust.lr","clust.method","clust.pseudo_labeler","clust.stochastic","clust.sup_bce_weight","clust.sup_ce_weight","clust.test_batch_size","clust.upper_threshold","clust.use_multi_head","clust.vae_std_tform","clust.val_freq","clust.vgg_weight","clust.weight_decay","clust.with_supervision","data._target_","data.adult_balanced_test","data.adult_split","data.background","data.balance_all_quadrants","data.binarize","data.black","data.celeba_sens_attr","data.celeba_target_attr","data.color_correlation","data.colors","data.context_pcnt","data.data_pcnt","data.dataset","data.drop_discrete","data.drop_native","data.filter_labels","data.filter_map_labels.0","data.filter_map_labels.1","data.filter_map_labels.2","data.filter_map_labels.3","data.filter_map_labels.4","data.filter_map_labels.5","data.filter_map_labels.6","data.filter_map_labels.7","data.filter_map_labels.8","data.filter_map_labels.9","data.genfaces_sens_attr","data.genfaces_target_attr","data.greyscale","data.input_noise","data.isic_sens_attr","data.isic_target_attr","data.padding","data.quant_level","data.root","data.rotate_data","data.scale","data.shift_data","data.test_pcnt","enc._target_","enc.init_chans","enc.levels","enc.out_dim","enc.recon_loss","fdm._target_","fdm.ae_epochs","fdm.aggregator_hidden_dims","fdm.aggregator_input_dim","fdm.aggregator_type","fdm.annealing_steps","fdm.bag_size","fdm.balanced_context","fdm.batch_size","fdm.batch_wise_hidden_dims","fdm.batch_wise_latent","fdm.batch_wise_loss","fdm.disc_hidden_dims","fdm.disc_loss","fdm.disc_lr","fdm.disc_method","fdm.disc_reset_prob","fdm.disc_weight","fdm.distinguish_warmup","fdm.distinguish_weight","fdm.early_stopping","fdm.eff_batch_size","fdm.elbo_weight","fdm.enc_snorm","fdm.encode_batch_size","fdm.eval_epochs","fdm.eval_lr","fdm.eval_on_recon","fdm.feat_attr","fdm.gamma","fdm.grad_clip_val","fdm.inn_batch_norm","fdm.inn_bn_lag","fdm.inn_coupling_channels","fdm.inn_coupling_depth","fdm.inn_glow","fdm.inn_idf","fdm.inn_level_depth","fdm.inn_levels","fdm.inn_lr","fdm.inn_oxbow_net","fdm.inn_reshape_method","fdm.inn_scaling","fdm.inn_spectral_norm","fdm.iters","fdm.kl_weight","fdm.log_freq","fdm.lr","fdm.mmd_add_dot","fdm.mmd_kernel","fdm.mmd_scales","fdm.mmd_wts","fdm.nll_weight","fdm.num_disc_updates","fdm.num_discs","fdm.oversample","fdm.path_to_ae","fdm.pred_s_weight","fdm.pred_y_weight","fdm.recon_detach","fdm.recon_stability_weight","fdm.scheduler_freeze","fdm.scheduler_steps","fdm.snorm","fdm.stochastic","fdm.test_batch_size","fdm.train_on_recon","fdm.use_inn","fdm.use_pretrained_enc","fdm.vae","fdm.vae_std_tform","fdm.val_freq","fdm.validate","fdm.vgg_weight","fdm.warmup_steps","fdm.weight_decay","fdm.zs_frac","misc._device","misc._s_dim","misc._target_","misc._y_dim","misc.cluster_label_file","misc.data_split_seed","misc.device","misc.evaluate","misc.exp_group","misc.gpu","misc.log_method","misc.num_workers","misc.results_csv","misc.save_dir","misc.seed","misc.use_amp","misc.use_gpu","misc.use_wandb","data.log_name","data.transductive","fdm.double_adv_loss","fdm.zs_dim","Accuracy (encoded_testset)","Accuracy (pytorch_classifier)","Accuracy (pytorch_predictor)","Accuracy Discriminator (zy)","Accuracy Predictor s","Accuracy Predictor y","Accuracy_colour_0.0 (encoded_testset)","Accuracy_colour_0.0 (pytorch_classifier)","Accuracy_colour_0.0 (pytorch_predictor)","Accuracy_colour_0.0-colour_1.0 (encoded_testset)","Accuracy_colour_0.0-colour_1.0 (pytorch_classifier)","Accuracy_colour_0.0-colour_1.0 (pytorch_predictor)","Accuracy_colour_0.0-colour_2.0 (encoded_testset)","Accuracy_colour_0.0-colour_2.0 (pytorch_classifier)","Accuracy_colour_0.0-colour_2.0 (pytorch_predictor)","Accuracy_colour_0.0÷colour_1.0 (encoded_testset)","Accuracy_colour_0.0÷colour_1.0 (pytorch_classifier)","Accuracy_colour_0.0÷colour_1.0 (pytorch_predictor)","Accuracy_colour_0.0÷colour_2.0 (encoded_testset)","Accuracy_colour_0.0÷colour_2.0 (pytorch_classifier)","Accuracy_colour_0.0÷colour_2.0 (pytorch_predictor)","Accuracy_colour_1.0 (encoded_testset)","Accuracy_colour_1.0 (pytorch_classifier)","Accuracy_colour_1.0 (pytorch_predictor)","Accuracy_colour_1.0-colour_2.0 (encoded_testset)","Accuracy_colour_1.0-colour_2.0 (pytorch_classifier)","Accuracy_colour_1.0-colour_2.0 (pytorch_predictor)","Accuracy_colour_1.0÷colour_2.0 (encoded_testset)","Accuracy_colour_1.0÷colour_2.0 (pytorch_classifier)","Accuracy_colour_1.0÷colour_2.0 (pytorch_predictor)","Accuracy_colour_2.0 (encoded_testset)","Accuracy_colour_2.0 (pytorch_classifier)","Accuracy_colour_2.0 (pytorch_predictor)","Clust/Context ARI","Clust/Context Acc y=0 s=0","Clust/Context Acc y=0 s=1","Clust/Context Acc y=1 s=0","Clust/Context Acc y=1 s=1","Clust/Context Accuracy","Clust/Context NMI","Clust/Test ARI","Clust/Test Acc y=0 s=0","Clust/Test Acc y=0 s=1","Clust/Test Acc y=1 s=0","Clust/Test Acc y=1 s=1","Clust/Test Accuracy","Clust/Test NMI","ELBO","Learning rate","Loss Adversarial","Loss Discriminator","Loss Generator","Loss Predictor s","Loss Predictor y","Loss Total","Loss reconstruction","Prior Loss","Renyi preds and s (encoded_testset)","Renyi preds and s (pytorch_classifier)","Renyi preds and s (pytorch_predictor)","TNR (encoded_testset)","TNR (pytorch_classifier)","TNR (pytorch_predictor)","TNR_colour_0.0 (encoded_testset)","TNR_colour_0.0 (pytorch_classifier)","TNR_colour_0.0 (pytorch_predictor)","TNR_colour_0.0-colour_1.0 (encoded_testset)","TNR_colour_0.0-colour_1.0 (pytorch_classifier)","TNR_colour_0.0-colour_1.0 (pytorch_predictor)","TNR_colour_0.0-colour_2.0 (encoded_testset)","TNR_colour_0.0-colour_2.0 (pytorch_classifier)","TNR_colour_0.0-colour_2.0 (pytorch_predictor)","TNR_colour_0.0÷colour_1.0 (encoded_testset)","TNR_colour_0.0÷colour_1.0 (pytorch_classifier)","TNR_colour_0.0÷colour_1.0 (pytorch_predictor)","TNR_colour_0.0÷colour_2.0 (encoded_testset)","TNR_colour_0.0÷colour_2.0 (pytorch_classifier)","TNR_colour_0.0÷colour_2.0 (pytorch_predictor)","TNR_colour_1.0 (encoded_testset)","TNR_colour_1.0 (pytorch_classifier)","TNR_colour_1.0 (pytorch_predictor)","TNR_colour_1.0-colour_2.0 (encoded_testset)","TNR_colour_1.0-colour_2.0 (pytorch_classifier)","TNR_colour_1.0-colour_2.0 (pytorch_predictor)","TNR_colour_1.0÷colour_2.0 (encoded_testset)","TNR_colour_1.0÷colour_2.0 (pytorch_classifier)","TNR_colour_1.0÷colour_2.0 (pytorch_predictor)","TNR_colour_2.0 (encoded_testset)","TNR_colour_2.0 (pytorch_classifier)","TNR_colour_2.0 (pytorch_predictor)","TPR (encoded_testset)","TPR (pytorch_classifier)","TPR (pytorch_predictor)","TPR_colour_0.0 (encoded_testset)","TPR_colour_0.0 (pytorch_classifier)","TPR_colour_0.0 (pytorch_predictor)","TPR_colour_0.0-colour_1.0 (encoded_testset)","TPR_colour_0.0-colour_1.0 (pytorch_classifier)","TPR_colour_0.0-colour_1.0 (pytorch_predictor)","TPR_colour_0.0-colour_2.0 (encoded_testset)","TPR_colour_0.0-colour_2.0 (pytorch_classifier)","TPR_colour_0.0-colour_2.0 (pytorch_predictor)","TPR_colour_0.0÷colour_1.0 (encoded_testset)","TPR_colour_0.0÷colour_1.0 (pytorch_classifier)","TPR_colour_0.0÷colour_1.0 (pytorch_predictor)","TPR_colour_0.0÷colour_2.0 (encoded_testset)","TPR_colour_0.0÷colour_2.0 (pytorch_classifier)","TPR_colour_0.0÷colour_2.0 (pytorch_predictor)","TPR_colour_1.0 (encoded_testset)","TPR_colour_1.0 (pytorch_classifier)","TPR_colour_1.0 (pytorch_predictor)","TPR_colour_1.0-colour_2.0 (encoded_testset)","TPR_colour_1.0-colour_2.0 (pytorch_classifier)","TPR_colour_1.0-colour_2.0 (pytorch_predictor)","TPR_colour_1.0÷colour_2.0 (encoded_testset)","TPR_colour_1.0÷colour_2.0 (pytorch_classifier)","TPR_colour_1.0÷colour_2.0 (pytorch_predictor)","TPR_colour_2.0 (encoded_testset)","TPR_colour_2.0 (pytorch_classifier)","TPR_colour_2.0 (pytorch_predictor)","algorithm_failed (pytorch_classifier)","prob_pos_colour_0.0 (encoded_testset)","prob_pos_colour_0.0 (pytorch_classifier)","prob_pos_colour_0.0 (pytorch_predictor)","prob_pos_colour_0.0-colour_1.0 (encoded_testset)","prob_pos_colour_0.0-colour_1.0 (pytorch_classifier)","prob_pos_colour_0.0-colour_1.0 (pytorch_predictor)","prob_pos_colour_0.0-colour_2.0 (encoded_testset)","prob_pos_colour_0.0-colour_2.0 (pytorch_classifier)","prob_pos_colour_0.0-colour_2.0 (pytorch_predictor)","prob_pos_colour_0.0÷colour_1.0 (encoded_testset)","prob_pos_colour_0.0÷colour_1.0 (pytorch_classifier)","prob_pos_colour_0.0÷colour_1.0 (pytorch_predictor)","prob_pos_colour_0.0÷colour_2.0 (encoded_testset)","prob_pos_colour_0.0÷colour_2.0 (pytorch_classifier)","prob_pos_colour_0.0÷colour_2.0 (pytorch_predictor)","prob_pos_colour_1.0 (encoded_testset)","prob_pos_colour_1.0 (pytorch_classifier)","prob_pos_colour_1.0 (pytorch_predictor)","prob_pos_colour_1.0-colour_2.0 (encoded_testset)","prob_pos_colour_1.0-colour_2.0 (pytorch_classifier)","prob_pos_colour_1.0-colour_2.0 (pytorch_predictor)","prob_pos_colour_1.0÷colour_2.0 (encoded_testset)","prob_pos_colour_1.0÷colour_2.0 (pytorch_classifier)","prob_pos_colour_1.0÷colour_2.0 (pytorch_predictor)","prob_pos_colour_2.0 (encoded_testset)","prob_pos_colour_2.0 (pytorch_classifier)","prob_pos_colour_2.0 (pytorch_predictor)","pytorch_classifier_Accuracy","pytorch_classifier_Accuracy_colour_0.0","pytorch_classifier_Accuracy_colour_0.0-colour_1.0","pytorch_classifier_Accuracy_colour_0.0-colour_2.0","pytorch_classifier_Accuracy_colour_0.0÷colour_1.0","pytorch_classifier_Accuracy_colour_0.0÷colour_2.0","pytorch_classifier_Accuracy_colour_1.0","pytorch_classifier_Accuracy_colour_1.0-colour_2.0","pytorch_classifier_Accuracy_colour_1.0÷colour_2.0","pytorch_classifier_Accuracy_colour_2.0","pytorch_classifier_Renyi preds and s","pytorch_classifier_TNR","pytorch_classifier_TNR_colour_0.0","pytorch_classifier_TNR_colour_0.0-colour_1.0","pytorch_classifier_TNR_colour_0.0-colour_2.0","pytorch_classifier_TNR_colour_0.0÷colour_1.0","pytorch_classifier_TNR_colour_0.0÷colour_2.0","pytorch_classifier_TNR_colour_1.0","pytorch_classifier_TNR_colour_1.0-colour_2.0","pytorch_classifier_TNR_colour_1.0÷colour_2.0","pytorch_classifier_TNR_colour_2.0","pytorch_classifier_TPR","pytorch_classifier_TPR_colour_0.0","pytorch_classifier_TPR_colour_0.0-colour_1.0","pytorch_classifier_TPR_colour_0.0-colour_2.0","pytorch_classifier_TPR_colour_0.0÷colour_1.0","pytorch_classifier_TPR_colour_0.0÷colour_2.0","pytorch_classifier_TPR_colour_1.0","pytorch_classifier_TPR_colour_1.0-colour_2.0","pytorch_classifier_TPR_colour_1.0÷colour_2.0","pytorch_classifier_TPR_colour_2.0","pytorch_classifier_algorithm_failed","pytorch_classifier_prob_pos_colour_0.0","pytorch_classifier_prob_pos_colour_0.0-colour_1.0","pytorch_classifier_prob_pos_colour_0.0-colour_2.0","pytorch_classifier_prob_pos_colour_0.0÷colour_1.0","pytorch_classifier_prob_pos_colour_0.0÷colour_2.0","pytorch_classifier_prob_pos_colour_1.0","pytorch_classifier_prob_pos_colour_1.0-colour_2.0","pytorch_classifier_prob_pos_colour_1.0÷colour_2.0","pytorch_classifier_prob_pos_colour_2.0","Accuracy (x_zero_s)","Accuracy_colour_0.0 (x_zero_s)","Accuracy_colour_0.0-colour_1.0 (x_zero_s)","Accuracy_colour_0.0÷colour_1.0 (x_zero_s)","Accuracy_colour_1.0 (x_zero_s)","Renyi preds and s (x_zero_s)","TNR (x_zero_s)","TNR_colour_0.0 (x_zero_s)","TNR_colour_0.0-colour_1.0 (x_zero_s)","TNR_colour_0.0÷colour_1.0 (x_zero_s)","TNR_colour_1.0 (x_zero_s)","TPR (x_zero_s)","TPR_colour_0.0 (x_zero_s)","TPR_colour_0.0-colour_1.0 (x_zero_s)","TPR_colour_0.0÷colour_1.0 (x_zero_s)","TPR_colour_1.0 (x_zero_s)","prob_pos_colour_0.0 (x_zero_s)","prob_pos_colour_0.0-colour_1.0 (x_zero_s)","prob_pos_colour_0.0÷colour_1.0 (x_zero_s)","prob_pos_colour_1.0 (x_zero_s)"
"deft-grass-997","finished","-","tmkehrenberg","","2021-01-31T19:13:30.000Z","1911","","","","true","subsampled","[]","0","0.7","0.4","0.2","1","","1","0.3","0","1","","","","","","","256","[256]","both","30","1","150","0.0003","","false","0","1000","ae","100","40","0.001","","false","false","0.000001","0","0","5","0.0001","100","[100,100]","0.001","false","0","50","0.5","0.001","kmeans","ranking","false","1","1","256","0.5","false","exp","10","0","0","true","","","","false","","true","true","","","1","[2,4]","0.66666666","1","","","","","","","0","","1","","","","","","","","false","false","","","2","eight","","false","0","false","0.2","","16","4","128","l2","","","[256,256]","32","gated","","256","false","1","","","","[256,256]","logistic_ns","0.0003","nn","0","0.1","false","1","30","256","100","","1000","60","0.001","false","false","1","","","","","","","","","","","","","","","8000","0.01","150","0.0003","0","rq","[]","[]","","1","1","true","","1","1","true","","","","false","false","256","false","","false","false","exp","450","true","0","0","0","0.01","","","","","/tmp/tmps9sb2q2b/labels.pth","29","cuda:0","false","simplified.strong_subs","0","kmeans-fdm","4","","experiments/finn","29","false","true","true","","false","","","","0.9796425024826216","","","92.578125","100","","0.9627016129032258","","","0.033384492771921015","","","","","","0.9664843304391912","","","","","","0.9960861056751468","","","","","","","","","","","0.5734850596418671","0.5689900426742532","0","0.9769820971867008","1","0.6888987369820518","0.7235254822988704","","","","","","","","1.426846981048584","","","0.0005081534618511796","","0.282333105802536","0.034984029829502106","1.426846981048584","0.01547254528850317","0.006707887630909681","","0.043818722710108365","","","0.9641472868217056","","","0.9321357285429142","","","0.0622145539429616","","","","","","0.9374319542732716","","","","","","0.9943502824858758","","","","","","","","","","","","0.9959266802443992","","","0.9938900203665988","","","0.004073319755600768","","","","","","0.9959183673469388","","","","","","0.9979633401221996","","","","","","","","","","","","","0.5262096774193549","","","0.0438222018811944","","","","","","0.9167210263100674","","","","","","0.48238747553816047","","","","","","","","","","","0.9796425024826216","0.9627016129032258","0.033384492771921015","","0.9664843304391912","","0.9960861056751468","","","","0.043818722710108365","0.9641472868217056","0.9321357285429142","0.0622145539429616","","0.9374319542732716","","0.9943502824858758","","","","0.9959266802443992","0.9938900203665988","0.004073319755600768","","0.9959183673469388","","0.9979633401221996","","","","","0.5262096774193549","0.0438222018811944","","0.9167210263100674","","0.48238747553816047","","","","","","","","","","","","","","","","","","","","","","",""
"apricot-fog-995","finished","-","tmkehrenberg","","2021-01-31T19:05:57.000Z","1569","","","","true","subsampled","[]","0","0.7","0.4","0.2","1","","1","0.3","0","1","","","","","","","256","[256]","both","30","1","150","0.0003","","false","0","1000","ae","100","40","0.001","","false","false","0.000001","0","0","5","0.0001","100","[100,100]","0.001","false","0","50","0.5","0.001","kmeans","ranking","false","1","1","256","0.5","false","exp","10","0","0","true","","","","false","","true","true","","","1","[2,4]","0.66666666","1","","","","","","","0","","1","","","","","","","","false","false","","","2","eight","","false","0","false","0.2","","16","4","128","l2","","","[256,256]","32","gated","","256","false","1","","","","[256,256]","logistic_ns","0.0003","nn","0","0.1","false","1","30","256","100","","1000","60","0.001","false","false","1","","","","","","","","","","","","","","","8000","0.01","150","0.0003","0","rq","[]","[]","","1","1","true","","1","1","true","","","","false","false","256","false","","false","false","exp","450","true","0","0","0","0.01","","","","","/tmp/tmp0vionkyf/labels.pth","28","cuda:0","false","simplified.strong_subs","0","kmeans-fdm","4","","experiments/finn","28","false","true","true","","false","","","","0.9851042701092354","","","91.015625","100","","0.9928861788617886","","","0.015216275949167302","","","","","","0.9846747026264272","","","","","","0.9776699029126212","","","","","","","","","","","0.9080193873690566","0.9506790564689064","0.948849104859335","0.7556675062972292","0.994288681204569","0.9518206039076376","0.8648884828753312","","","","","","","","1.349435567855835","","","0.0004930317518301308","","0.3034929633140564","0.03189181163907051","1.349435567855835","0.013810586649924517","0.006460568867623806","","0.05479206277283849","","","0.9767441860465116","","","0.9942528735632185","","","0.0354293441514536","","","","","","0.9643658619517173","","","","","","0.9588235294117649","","","","","","","","","","","","0.9938900203665988","","","0.9913419913419912","","","0.004811854811854865","","","","","","0.995169566598138","","","","","","0.9961538461538462","","","","","","","","","","","","","0.4684959349593496","","","0.05480503591443675","","","","","","0.895270525061466","","","","","","0.5233009708737864","","","","","","","","","","","0.9851042701092354","0.9928861788617886","0.015216275949167302","","0.9846747026264272","","0.9776699029126212","","","","0.05479206277283849","0.9767441860465116","0.9942528735632185","0.0354293441514536","","0.9643658619517173","","0.9588235294117649","","","","0.9938900203665988","0.9913419913419912","0.004811854811854865","","0.995169566598138","","0.9961538461538462","","","","","0.4684959349593496","0.05480503591443675","","0.895270525061466","","0.5233009708737864","","","","","","","","","","","","","","","","","","","","","","",""
"lively-thunder-993","finished","-","tmkehrenberg","","2021-01-31T19:03:55.000Z","1904","","","","true","subsampled","[]","0","0.7","0.4","0.2","1","","1","0.3","0","1","","","","","","","256","[256]","both","30","1","150","0.0003","","false","0","1000","ae","100","40","0.001","","false","false","0.000001","0","0","5","0.0001","100","[100,100]","0.001","false","0","50","0.5","0.001","kmeans","ranking","false","1","1","256","0.5","false","exp","10","0","0","true","","","","false","","true","true","","","1","[2,4]","0.66666666","1","","","","","","","0","","1","","","","","","","","false","false","","","2","eight","","false","0","false","0.2","","16","4","128","l2","","","[256,256]","32","gated","","256","false","1","","","","[256,256]","logistic_ns","0.0003","nn","0","0.1","false","1","30","256","100","","1000","60","0.001","false","false","1","","","","","","","","","","","","","","","8000","0.01","150","0.0003","0","rq","[]","[]","","1","1","true","","1","1","true","","","","false","false","256","false","","false","false","exp","450","true","0","0","0","0.01","","","","","/tmp/tmpehowmhlw/labels.pth","27","cuda:0","false","simplified.strong_subs","0","kmeans-fdm","4","","experiments/finn","27","false","true","true","","false","","","","0.7328699106256207","","","100","100","","0.4820562560620757","","","0.5138745679460628","","","","","","0.48402584239940794","","","","","","0.9959308240081384","","","","","","","","","","","0.6348611135143568","1","0.954780361757106","0","0.5440122824974412","0.7112676056338029","0.7596757963121276","","","","","","","","1.215861201286316","","","0.023325001820921894","","0.18077993392944336","0.03000537306070328","1.215861201286316","0.012647004798054697","0.0069880131632089615","","0.545378331637445","","","0.998062015503876","","","1","","","0.003731343283582045","","","","","","0.996268656716418","","","","","","0.996268656716418","","","","","","","","","","","","0.4541751527494908","","","0.001869158878504673","","","0.9936565681908466","","","","","","0.001877559592565368","","","","","","0.9955257270693512","","","","","","","","","","","","","0.0009699321047526672","","","0.4537604849857865","","","","","","0.0021329826822636955","","","","","","0.4547304170905392","","","","","","","","","","","0.7328699106256207","0.4820562560620757","0.5138745679460628","","0.48402584239940794","","0.9959308240081384","","","","0.545378331637445","0.998062015503876","1","0.003731343283582045","","0.996268656716418","","0.996268656716418","","","","0.4541751527494908","0.001869158878504673","0.9936565681908466","","0.001877559592565368","","0.9955257270693512","","","","","0.0009699321047526672","0.4537604849857865","","0.0021329826822636955","","0.4547304170905392","","","","","","","","","","","","","","","","","","","","","","",""
"dashing-shadow-989","finished","-","tmkehrenberg","","2021-01-31T18:39:32.000Z","1882","","","","true","subsampled","[]","0","0.7","0.4","0.2","1","","1","0.3","0","1","","","","","","","256","[256]","both","30","1","150","0.0003","","false","0","1000","ae","100","40","0.001","","false","false","0.000001","0","0","5","0.0001","100","[100,100]","0.001","false","0","50","0.5","0.001","kmeans","ranking","false","1","1","256","0.5","false","exp","10","0","0","true","","","","false","","true","true","","","1","[2,4]","0.66666666","1","","","","","","","0","","1","","","","","","","","false","false","","","2","eight","","false","0","false","0.2","","16","4","128","l2","","","[256,256]","32","gated","","256","false","1","","","","[256,256]","logistic_ns","0.0003","nn","0","0.1","false","1","30","256","100","","1000","60","0.001","false","false","1","","","","","","","","","","","","","","","8000","0.01","150","0.0003","0","rq","[]","[]","","1","1","true","","1","1","true","","","","false","false","256","false","","false","false","exp","450","true","0","0","0","0.01","","","","","/tmp/tmpgqfnpor0/labels.pth","26","cuda:0","false","simplified.strong_subs","0","kmeans-fdm","4","","experiments/finn","26","false","true","true","","false","","","","0.9498510427010924","","","98.828125","100","","0.9042224510813596","","","0.08810736675181408","","","","","","0.9112116101235342","","","","","","0.9923298178331736","","","","","","","","","","","0.5421842620872591","0.35797101449275365","0.766541822721598","0.007672634271099744","0.9875904860392968","0.670439414114514","0.5427534341350516","","","","","","","","1.6228187084197998","","","0.004084938671439886","","0.20889246463775635","0.03209637105464935","1.6228187084197998","0.02100913506001234","0.006545763462781906","","0.07655473165720769","","","0.9127906976744186","","","0.8319838056680162","","","0.15500504191562692","","","","","","0.8429515771175005","","","","","","0.9869888475836432","","","","","","","","","","","","0.9887983706720976","","","0.979035639412998","","","0.018984162567200147","","","","","","0.9809781704435792","","","","","","0.998019801980198","","","","","","","","","","","","","0.5664263645726055","","","0.07649347866656525","","","","","","0.8649542403904821","","","","","","0.4899328859060403","","","","","","","","","","","0.9498510427010924","0.9042224510813596","0.08810736675181408","","0.9112116101235342","","0.9923298178331736","","","","0.07655473165720769","0.9127906976744186","0.8319838056680162","0.15500504191562692","","0.8429515771175005","","0.9869888475836432","","","","0.9887983706720976","0.979035639412998","0.018984162567200147","","0.9809781704435792","","0.998019801980198","","","","","0.5664263645726055","0.07649347866656525","","0.8649542403904821","","0.4899328859060403","","","","","","","","","","","","","","","","","","","","","","",""
"vague-water-987","finished","-","tmkehrenberg","","2021-01-31T18:36:17.000Z","1479","","","","true","subsampled","[]","0","0.7","0.4","0.2","1","","1","0.3","0","1","","","","","","","256","[256]","both","30","1","150","0.0003","","false","0","1000","ae","100","40","0.001","","false","false","0.000001","0","0","5","0.0001","100","[100,100]","0.001","false","0","50","0.5","0.001","kmeans","ranking","false","1","1","256","0.5","false","exp","10","0","0","true","","","","false","","true","true","","","1","[2,4]","0.66666666","1","","","","","","","0","","1","","","","","","","","false","false","","","2","eight","","false","0","false","0.2","","16","4","128","l2","","","[256,256]","32","gated","","256","false","1","","","","[256,256]","logistic_ns","0.0003","nn","0","0.1","false","1","30","256","100","","1000","60","0.001","false","false","1","","","","","","","","","","","","","","","8000","0.01","150","0.0003","0","rq","[]","[]","","1","1","true","","1","1","true","","","","false","false","256","false","","false","false","exp","450","true","0","0","0","0.01","","","","","/tmp/tmp33hz_z78/labels.pth","25","cuda:0","false","simplified.strong_subs","0","kmeans-fdm","4","","experiments/finn","25","false","true","true","","false","","","","0.9826216484607746","","","98.4375","100","","0.9702970297029704","","","0.024722890615754833","","","","","","0.9751533711929752","","","","","","0.9950199203187252","","","","","","","","","","","0.5722325069068153","0.5341159207630227","0","0.9309462915601024","1","0.6780110497237569","0.7200082680284892","","","","","","","","1.3495795726776123","","","0.009378165006637572","","0.255113810300827","0.03503052517771721","1.3495795726776123","0.014117267914116384","0.006883874069899321","","0.00993053066221367","","","0.9709302325581396","","","0.946768060836502","","","0.04927936999353766","","","","","","0.9505250769509324","","","","","","0.9960474308300395","","","","","","","","","","","","0.994908350305499","","","0.9958677685950412","","","0.0018918649805834689","","","","","","0.9981002849572564","","","","","","0.993975903614458","","","","","","","","","","","","","0.504950495049505","","","0.00993057473077985","","","","","","0.9803335676900242","","","","","","0.4950199203187251","","","","","","","","","","","0.9826216484607746","0.9702970297029704","0.024722890615754833","","0.9751533711929752","","0.9950199203187252","","","","0.00993053066221367","0.9709302325581396","0.946768060836502","0.04927936999353766","","0.9505250769509324","","0.9960474308300395","","","","0.994908350305499","0.9958677685950412","0.0018918649805834689","","0.9981002849572564","","0.993975903614458","","","","","0.504950495049505","0.00993057473077985","","0.9803335676900242","","0.4950199203187251","","","","","","","","","","","","","","","","","","","","","","",""
"pleasant-monkey-985","finished","-","tmkehrenberg","","2021-01-31T18:32:28.000Z","1606","","","","true","subsampled","[]","0","0.7","0.4","0.2","1","","1","0.3","0","1","","","","","","","256","[256]","both","30","1","150","0.0003","","false","0","1000","ae","100","40","0.001","","false","false","0.000001","0","0","5","0.0001","100","[100,100]","0.001","false","0","50","0.5","0.001","kmeans","ranking","false","1","1","256","0.5","false","exp","10","0","0","true","","","","false","","true","true","","","1","[2,4]","0.66666666","1","","","","","","","0","","1","","","","","","","","false","false","","","2","eight","","false","0","false","0.2","","16","4","128","l2","","","[256,256]","32","gated","","256","false","1","","","","[256,256]","logistic_ns","0.0003","nn","0","0.1","false","1","30","256","100","","1000","60","0.001","false","false","1","","","","","","","","","","","","","","","8000","0.01","150","0.0003","0","rq","[]","[]","","1","1","true","","1","1","true","","","","false","false","256","false","","false","false","exp","450","true","0","0","0","0.01","","","","","/tmp/tmpkhono78j/labels.pth","24","cuda:0","false","simplified.strong_subs","0","kmeans-fdm","4","","experiments/finn","24","false","true","true","","false","","","","0.7432969215491559","","","99.609375","100","","0.4900398406374502","","","0.5050096643130448","","","","","","0.4924778497948505","","","","","","0.995049504950495","","","","","","","","","","","0.6299051859703738","0.9970695970695972","0.93424317617866","0.005128205128205128","0.5729701952723536","0.7168848457954293","0.7462553322092461","","","","","","","","1.197078824043274","","","-0.006856489460915327","","0.1540689915418625","0.032344527542591095","1.197078824043274","0.01401729602366686","0.006333137396723032","","0.5523767882204715","","","0.996124031007752","","","1","","","0.007407407407407418","","","","","","0.9925925925925926","","","","","","0.9925925925925926","","","","","","","","","","","","0.4775967413441955","","","0","","","0.997872340425532","","","","","","0","","","","","","0.997872340425532","","","","","","","","","","","","","0","","","0.46831683168316834","","","","","","0","","","","","","0.46831683168316834","","","","","","","","","","","0.7432969215491559","0.4900398406374502","0.5050096643130448","","0.4924778497948505","","0.995049504950495","","","","0.5523767882204715","0.996124031007752","1","0.007407407407407418","","0.9925925925925926","","0.9925925925925926","","","","0.4775967413441955","0","0.997872340425532","","0","","0.997872340425532","","","","","0","0.46831683168316834","","0","","0.46831683168316834","","","","","","","","","","","","","","","","","","","","","","",""
"still-firebrand-984","finished","-","tmkehrenberg","","2021-01-31T18:30:20.000Z","1814","","","","true","subsampled","[]","0","0.7","0.4","0.2","1","","1","0.3","0","1","","","","","","","256","[256]","both","30","1","150","0.0003","","false","0","1000","ae","100","40","0.001","","false","false","0.000001","0","0","5","0.0001","100","[100,100]","0.001","false","0","50","0.5","0.001","kmeans","ranking","false","1","1","256","0.5","false","exp","10","0","0","true","","","","false","","true","true","","","1","[2,4]","0.66666666","1","","","","","","","0","","1","","","","","","","","false","false","","","2","eight","","false","0","false","0.2","","16","4","128","l2","","","[256,256]","32","gated","","256","false","1","","","","[256,256]","logistic_ns","0.0003","nn","0","0.1","false","1","30","256","100","","1000","60","0.001","false","false","1","","","","","","","","","","","","","","","8000","0.01","150","0.0003","0","rq","[]","[]","","1","1","true","","1","1","true","","","","false","false","256","false","","false","false","exp","450","true","0","0","0","0.01","","","","","/tmp/tmp21h23wyh/labels.pth","23","cuda:0","false","simplified.strong_subs","0","kmeans-fdm","4","","experiments/finn","23","false","true","true","","false","","","","0.7517378351539226","","","75.390625","100","","0.5044955044955045","","","0.49155582817971766","","","","","","0.5064954866738811","","","","","","0.9960513326752222","","","","","","","","","","","0.5735133095031644","0.5309168443496801","0","0.9767441860465116","1","0.6805463758537122","0.7197984910915536","","","","","","","","1.5312559604644775","","","-0.0005922377458773553","","0.35258734226226807","0.027034293860197067","1.5312559604644775","0.017265841830521822","0.005778688471764326","","0.5621406095448244","","","0.997093023255814","","","1","","","0.005692599620493399","","","","","","0.9943074003795066","","","","","","0.9943074003795066","","","","","","","","","","","","0.4938900203665988","","","0","","","0.9979423868312756","","","","","","0","","","","","","0.9979423868312756","","","","","","","","","","","","","0","","","0.4817374136229023","","","","","","0","","","","","","0.4817374136229023","","","","","","","","","","","0.7517378351539226","0.5044955044955045","0.49155582817971766","","0.5064954866738811","","0.9960513326752222","","","","0.5621406095448244","0.997093023255814","1","0.005692599620493399","","0.9943074003795066","","0.9943074003795066","","","","0.4938900203665988","0","0.9979423868312756","","0","","0.9979423868312756","","","","","0","0.4817374136229023","","0","","0.4817374136229023","","","","","","","","","","","","","","","","","","","","","","",""
"fresh-bush-983","finished","-","tmkehrenberg","","2021-01-31T18:29:58.000Z","1372","","","","true","subsampled","[]","0","0.7","0.4","0.2","1","","1","0.3","0","1","","","","","","","256","[256]","both","30","1","150","0.0003","","false","0","1000","ae","100","40","0.001","","false","false","0.000001","0","0","5","0.0001","100","[100,100]","0.001","false","0","50","0.5","0.001","kmeans","ranking","false","1","1","256","0.5","false","exp","10","0","0","true","","","","false","","true","true","","","1","[2,4]","0.66666666","1","","","","","","","0","","1","","","","","","","","false","false","","","2","eight","","false","0","false","0.2","","16","4","128","l2","","","[256,256]","32","gated","","256","false","1","","","","[256,256]","logistic_ns","0.0003","nn","0","0.1","false","1","30","256","100","","1000","60","0.001","false","false","1","","","","","","","","","","","","","","","8000","0.01","150","0.0003","0","rq","[]","[]","","1","1","true","","1","1","true","","","","false","false","256","false","","false","false","exp","450","true","0","0","0","0.01","","","","","/tmp/tmpmk1d988s/labels.pth","22","cuda:0","false","simplified.strong_subs","0","kmeans-fdm","4","","experiments/finn","22","false","true","true","","false","","","","0.9816285998013904","","","96.875","100","","0.9907692307692308","","","0.017718220182127764","","","","","","0.9821167032323244","","","","","","0.973051010587103","","","","","","","","","","","0.3598228086456741","0.4748563218390805","0.5823899371069182","0.4510309278350515","0.5156651258346173","0.5092879256965944","0.443950994490642","","","","","","","","1.425767421722412","","","0.011956065893173218","","0.24369989335536957","0.033826470375061035","1.425767421722412","0.015962722711265087","0.006762975826859474","","0.043040517078407385","","","0.9748062015503876","","","1","","","0.04933586337760909","","","","","","0.9506641366223908","","","","","","0.9506641366223908","","","","","","","","","","","","0.9887983706720976","","","0.9808510638297872","","","0.015242686170212738","","","","","","0.984697538589904","","","","","","0.99609375","","","","","","","","","","","","","0.4728205128205128","","","0.04306014165494437","","","","","","0.9165308075009568","","","","","","0.5158806544754572","","","","","","","","","","","0.9816285998013904","0.9907692307692308","0.017718220182127764","","0.9821167032323244","","0.973051010587103","","","","0.043040517078407385","0.9748062015503876","1","0.04933586337760909","","0.9506641366223908","","0.9506641366223908","","","","0.9887983706720976","0.9808510638297872","0.015242686170212738","","0.984697538589904","","0.99609375","","","","","0.4728205128205128","0.04306014165494437","","0.9165308075009568","","0.5158806544754572","","","","","","","","","","","","","","","","","","","","","","",""
"driven-cloud-981","finished","-","tmkehrenberg","","2021-01-31T18:05:20.000Z","1599","","","","true","subsampled","[]","0","0.7","0.4","0.2","1","","1","0.3","0","1","","","","","","","256","[256]","both","30","1","150","0.0003","","false","0","1000","ae","100","40","0.001","","false","false","0.000001","0","0","5","0.0001","100","[100,100]","0.001","false","0","50","0.5","0.001","kmeans","ranking","false","1","1","256","0.5","false","exp","10","0","0","true","","","","false","","true","true","","","1","[2,4]","0.66666666","1","","","","","","","0","","1","","","","","","","","false","false","","","2","eight","","false","0","false","0.2","","16","4","128","l2","","","[256,256]","32","gated","","256","false","1","","","","[256,256]","logistic_ns","0.0003","nn","0","0.1","false","1","30","256","100","","1000","60","0.001","false","false","1","","","","","","","","","","","","","","","8000","0.01","150","0.0003","0","rq","[]","[]","","1","1","true","","1","1","true","","","","false","false","256","false","","false","false","exp","450","true","0","0","0","0.01","","","","","/tmp/tmptbm44yye/labels.pth","21","cuda:0","false","simplified.strong_subs","0","kmeans-fdm","4","","experiments/finn","21","false","true","true","","false","","","","0.7462760675273088","","","100","100","","0.5024875621890548","","","0.486610554758418","","","","","","0.5080260022532628","","","","","","0.9890981169474728","","","","","","","","","","","0.5965899931121335","1","0.932741116751269","0","0.5551564905079528","0.7100840336134454","0.7107639561067767","","","","","","","","1.153444766998291","","","-0.001307970262132585","","0.1811659038066864","0.033584292978048325","1.153444766998291","0.011998687870800495","0.0068013607524335384","","0.5529256011310114","","","0.999031007751938","","","1","","","0.00189753320683117","","","","","","0.9981024667931688","","","","","","0.9981024667931688","","","","","","","","","","","","0.48065173116089616","","","0","","","0.979253112033195","","","","","","0","","","","","","0.979253112033195","","","","","","","","","","","","","0","","","0.468780971258672","","","","","","0","","","","","","0.468780971258672","","","","","","","","","","","0.7462760675273088","0.5024875621890548","0.486610554758418","","0.5080260022532628","","0.9890981169474728","","","","0.5529256011310114","0.999031007751938","1","0.00189753320683117","","0.9981024667931688","","0.9981024667931688","","","","0.48065173116089616","0","0.979253112033195","","0","","0.979253112033195","","","","","0","0.468780971258672","","0","","0.468780971258672","","","","","","","","","","","","","","","","","","","","","","",""
"drawn-meadow-979","finished","-","tmkehrenberg","","2021-01-31T18:02:42.000Z","1530","","","","true","subsampled","[]","0","0.7","0.4","0.2","1","","1","0.3","0","1","","","","","","","256","[256]","both","30","1","150","0.0003","","false","0","1000","ae","100","40","0.001","","false","false","0.000001","0","0","5","0.0001","100","[100,100]","0.001","false","0","50","0.5","0.001","kmeans","ranking","false","1","1","256","0.5","false","exp","10","0","0","true","","","","false","","true","true","","","1","[2,4]","0.66666666","1","","","","","","","0","","1","","","","","","","","false","false","","","2","eight","","false","0","false","0.2","","16","4","128","l2","","","[256,256]","32","gated","","256","false","1","","","","[256,256]","logistic_ns","0.0003","nn","0","0.1","false","1","30","256","100","","1000","60","0.001","false","false","1","","","","","","","","","","","","","","","8000","0.01","150","0.0003","0","rq","[]","[]","","1","1","true","","1","1","true","","","","false","false","256","false","","false","false","exp","450","true","0","0","0","0.01","","","","","/tmp/tmppd5hr07e/labels.pth","20","cuda:0","false","simplified.strong_subs","0","kmeans-fdm","4","","experiments/finn","20","false","true","true","","false","","","","0.9473684210526316","","","96.09375","100","","0.9003944773175543","","","0.09460552268244572","","","","","","0.9049190726809592","","","","","","0.995","","","","","","","","","","","0.5032897642753045","0.436046511627907","0","0.3484848484848485","1","0.5979632499446536","0.574785147981872","","","","","","","","1.242649793624878","","","0.023721475154161453","","0.22372804582118988","0.03161166235804558","1.242649793624878","0.012757836375385525","0.0065139345824718475","","0.08022237457435082","","","0.9166666666666666","","","0.8362573099415205","","","0.15988912551127332","","","","","","0.8394923478910041","","","","","","0.9961464354527938","","","","","","","","","","","","0.979633401221996","","","0.9660678642714572","","","0.02769512949153674","","","","","","0.9721310517041232","","","","","","0.9937629937629938","","","","","","","","","","","","","0.5601577909270217","","","0.08015779092702169","","","","","","0.8569014084507043","","","","","","0.48","","","","","","","","","","","0.9473684210526316","0.9003944773175543","0.09460552268244572","","0.9049190726809592","","0.995","","","","0.08022237457435082","0.9166666666666666","0.8362573099415205","0.15988912551127332","","0.8394923478910041","","0.9961464354527938","","","","0.979633401221996","0.9660678642714572","0.02769512949153674","","0.9721310517041232","","0.9937629937629938","","","","","0.5601577909270217","0.08015779092702169","","0.8569014084507043","","0.48","","","","","","","","","","","","","","","","","","","","","","",""
"true-dream-977","finished","-","tmkehrenberg","","2021-01-31T18:01:34.000Z","1467","","","","true","subsampled","[]","0","0.7","0.4","0.2","1","","1","0.3","0","1","","","","","","","256","[256]","both","30","1","150","0.0003","","false","0","1000","ae","100","40","0.001","","false","false","0.000001","0","0","5","0.0001","100","[100,100]","0.001","false","0","50","0.5","0.001","kmeans","ranking","false","1","1","256","0.5","false","exp","10","0","0","true","","","","false","","true","true","","","1","[2,4]","0.66666666","1","","","","","","","0","","1","","","","","","","","false","false","","","2","eight","","false","0","false","0.2","","16","4","128","l2","","","[256,256]","32","gated","","256","false","1","","","","[256,256]","logistic_ns","0.0003","nn","0","0.1","false","1","30","256","100","","1000","60","0.001","false","false","1","","","","","","","","","","","","","","","8000","0.01","150","0.0003","0","rq","[]","[]","","1","1","true","","1","1","true","","","","false","false","256","false","","false","false","exp","450","true","0","0","0","0.01","","","","","/tmp/tmp8j02147w/labels.pth","18","cuda:0","false","simplified.strong_subs","0","kmeans-fdm","4","","experiments/finn","18","false","true","true","","false","","","","0.9672293942403176","","","96.484375","100","","0.9388560157790928","","","0.057143984220907273","","","","","","0.9426265218665588","","","","","","0.996","","","","","","","","","","","0.5730127403690934","0.5469897209985316","0","0.984126984126984","1","0.685908691834943","0.7259072567281579","","","","","","","","1.3424805402755735","","","0.008608526550233364","","0.2746834456920624","0.03327276185154915","1.3424805402755735","0.01362746674567461","0.006890848278999329","","0.013101040533349994","","","0.9689922480620154","","","0.9431372549019608","","","0.05111561866125758","","","","","","0.94858891533492","","","","","","0.9942528735632185","","","","","","","","","","","","0.9653767820773932","","","0.9345238095238096","","","0.06338414026698547","","","","","","0.9364829789358092","","","","","","0.997907949790795","","","","","","","","","","","","","0.4930966469428008","","","0.013096646942800829","","","","","","0.97344","","","","","","0.48","","","","","","","","","","","0.9672293942403176","0.9388560157790928","0.057143984220907273","","0.9426265218665588","","0.996","","","","0.013101040533349994","0.9689922480620154","0.9431372549019608","0.05111561866125758","","0.94858891533492","","0.9942528735632185","","","","0.9653767820773932","0.9345238095238096","0.06338414026698547","","0.9364829789358092","","0.997907949790795","","","","","0.4930966469428008","0.013096646942800829","","0.97344","","0.48","","","","","","","","","","","","","","","","","","","","","","",""
"sleek-water-976","finished","-","tmkehrenberg","","2021-01-31T18:01:16.000Z","1471","","","","true","subsampled","[]","0","0.7","0.4","0.2","1","","1","0.3","0","1","","","","","","","256","[256]","both","30","1","150","0.0003","","false","0","1000","ae","100","40","0.001","","false","false","0.000001","0","0","5","0.0001","100","[100,100]","0.001","false","0","50","0.5","0.001","kmeans","ranking","false","1","1","256","0.5","false","exp","10","0","0","true","","","","false","","true","true","","","1","[2,4]","0.66666666","1","","","","","","","0","","1","","","","","","","","false","false","","","2","eight","","false","0","false","0.2","","16","4","128","l2","","","[256,256]","32","gated","","256","false","1","","","","[256,256]","logistic_ns","0.0003","nn","0","0.1","false","1","30","256","100","","1000","60","0.001","false","false","1","","","","","","","","","","","","","","","8000","0.01","150","0.0003","0","rq","[]","[]","","1","1","true","","1","1","true","","","","false","false","256","false","","false","false","exp","450","true","0","0","0","0.01","","","","","/tmp/tmp95dw3pkh/labels.pth","19","cuda:0","false","simplified.strong_subs","0","kmeans-fdm","4","","experiments/finn","19","false","true","true","","false","","","","0.7512413108242304","","","100","100","","0.5147347740667977","","","0.47823711348340314","","","","","","0.5183779928923463","","","","","","0.9929718875502008","","","","","","","","","","","0.5640369491830569","1","0.926208651399491","0","0.482899438489025","0.681668496158068","0.6799892508601084","","","","","","","","1.287383794784546","","","-0.00036786796408705413","","0.1828579306602478","0.03426741063594818","1.287383794784546","0.014963765162974596","0.006448759697377682","","0.5755765244160533","","","0.994186046511628","","","1","","","0.011811023622047225","","","","","","0.9881889763779528","","","","","","0.9881889763779528","","","","","","","","","","","","0.4959266802443992","","","0","","","0.9979508196721312","","","","","","0","","","","","","0.9979508196721312","","","","","","","","","","","","","0","","","0.49497991967871485","","","","","","0","","","","","","0.49497991967871485","","","","","","","","","","","0.7512413108242304","0.5147347740667977","0.47823711348340314","","0.5183779928923463","","0.9929718875502008","","","","0.5755765244160533","0.994186046511628","1","0.011811023622047225","","0.9881889763779528","","0.9881889763779528","","","","0.4959266802443992","0","0.9979508196721312","","0","","0.9979508196721312","","","","","0","0.49497991967871485","","0","","0.49497991967871485","","","","","","","","","","","","","","","","","","","","","","",""
"dauntless-brook-975","finished","-","tmkehrenberg","","2021-01-31T18:00:46.000Z","1642","","","","true","subsampled","[]","0","0.7","0.4","0.2","1","","1","0.3","0","1","","","","","","","256","[256]","both","30","1","150","0.0003","","false","0","1000","ae","100","40","0.001","","false","false","0.000001","0","0","5","0.0001","100","[100,100]","0.001","false","0","50","0.5","0.001","kmeans","ranking","false","1","1","256","0.5","false","exp","10","0","0","true","","","","false","","true","true","","","1","[2,4]","0.66666666","1","","","","","","","0","","1","","","","","","","","false","false","","","2","eight","","false","0","false","0.2","","16","4","128","l2","","","[256,256]","32","gated","","256","false","1","","","","[256,256]","logistic_ns","0.0003","nn","0","0.1","false","1","30","256","100","","1000","60","0.001","false","false","1","","","","","","","","","","","","","","","8000","0.01","150","0.0003","0","rq","[]","[]","","1","1","true","","1","1","true","","","","false","false","256","false","","false","false","exp","450","true","0","0","0","0.01","","","","","/tmp/tmp1_djm5q7/labels.pth","17","cuda:0","false","simplified.strong_subs","0","kmeans-fdm","4","","experiments/finn","17","false","true","true","","false","","","","0.9781529294935452","","","97.65625","100","","0.9833984375","","","0.010671164772727226","","","","","","0.9891486864674552","","","","","","0.9727272727272728","","","","","","","","","","","0.40697246930591147","0.5731795241528479","0.849009900990099","0.4689119170984456","0.5194199896426722","0.5906471631205674","0.5041777708010087","","","","","","","","1.452866792678833","","","0.011411475948989391","","0.24190324544906616","0.03149833902716637","1.452866792678833","0.0166491842828691","0.006711889989674091","","0.004915672203879372","","","0.9680232558139537","","","0.9882583170254404","","","0.04008173353215816","","","","","","0.959442047851618","","","","","","0.9481765834932822","","","","","","","","","","","","0.9887983706720976","","","0.9785575048732944","","","0.021442495126705707","","","","","","0.9785575048732944","","","","","","1","","","","","","","","","","","","","0.49609375","","","0.004916351010101017","","","","","","0.9901871219758064","","","","","","0.501010101010101","","","","","","","","","","","0.9781529294935452","0.9833984375","0.010671164772727226","","0.9891486864674552","","0.9727272727272728","","","","0.004915672203879372","0.9680232558139537","0.9882583170254404","0.04008173353215816","","0.959442047851618","","0.9481765834932822","","","","0.9887983706720976","0.9785575048732944","0.021442495126705707","","0.9785575048732944","","1","","","","","0.49609375","0.004916351010101017","","0.9901871219758064","","0.501010101010101","","","","","","","","","","","","","","","","","","","","","","",""
"good-grass-974","finished","-","tmkehrenberg","","2021-01-31T17:58:52.000Z","1499","","","","true","subsampled","[]","0","0.7","0.4","0.2","1","","1","0.3","0","1","","","","","","","256","[256]","both","30","1","150","0.0003","","false","0","1000","ae","100","40","0.001","","false","false","0.000001","0","0","5","0.0001","100","[100,100]","0.001","false","0","50","0.5","0.001","kmeans","ranking","false","1","1","256","0.5","false","exp","10","0","0","true","","","","false","","true","true","","","1","[2,4]","0.66666666","1","","","","","","","0","","1","","","","","","","","false","false","","","2","eight","","false","0","false","0.2","","16","4","128","l2","","","[256,256]","32","gated","","256","false","1","","","","[256,256]","logistic_ns","0.0003","nn","0","0.1","false","1","30","256","100","","1000","60","0.001","false","false","1","","","","","","","","","","","","","","","8000","0.01","150","0.0003","0","rq","[]","[]","","1","1","true","","1","1","true","","","","false","false","256","false","","false","false","exp","450","true","0","0","0","0.01","","","","","/tmp/tmp8su8y3wc/labels.pth","16","cuda:0","false","simplified.strong_subs","0","kmeans-fdm","4","","experiments/finn","16","false","true","true","","false","","","","0.7740814299900695","","","98.4375","100","","0.5577299412915852","","","0.4392458651600277","","","","","","0.5594217409112765","","","","","","0.9969758064516128","","","","","","","","","","","0.6324271379459255","0.9978494623655914","0.9335839598997494","0.2570694087403599","0.5531914893617021","0.7325349301397206","0.6887764948272052","","","","","","","","1.2839877605438232","","","0.0004921317449770868","","0.2446317672729492","0.03287000209093094","1.2839877605438232","0.013594395015388727","0.006525482051074505","","0.46814399487313385","","","0.999031007751938","","","1","","","0.0019120458891013217","","","","","","0.9980879541108988","","","","","","0.9980879541108988","","","","","","","","","","","","0.5376782077393075","","","0.1189083820662768","","","0.8768272256096294","","","","","","0.11941762567255636","","","","","","0.9957356076759062","","","","","","","","","","","","","0.05968688845401174","","","0.4120873050943754","","","","","","0.12651579774867444","","","","","","0.4717741935483871","","","","","","","","","","","0.7740814299900695","0.5577299412915852","0.4392458651600277","","0.5594217409112765","","0.9969758064516128","","","","0.46814399487313385","0.999031007751938","1","0.0019120458891013217","","0.9980879541108988","","0.9980879541108988","","","","0.5376782077393075","0.1189083820662768","0.8768272256096294","","0.11941762567255636","","0.9957356076759062","","","","","0.05968688845401174","0.4120873050943754","","0.12651579774867444","","0.4717741935483871","","","","","","","","","","","","","","","","","","","","","","",""
"ethereal-wind-973","finished","-","tmkehrenberg","","2021-01-31T17:32:40.000Z","1696","","","","true","subsampled","[]","0","0.7","0.4","0.2","1","","1","0.3","0","1","","","","","","","256","[256]","both","30","1","150","0.0003","","false","0","1000","ae","100","40","0.001","","false","false","0.000001","0","0","5","0.0001","100","[100,100]","0.001","false","0","50","0.5","0.001","kmeans","ranking","false","1","1","256","0.5","false","exp","10","0","0","true","","","","false","","true","true","","","1","[2,4]","0.66666666","1","","","","","","","0","","1","","","","","","","","false","false","","","2","eight","","false","0","false","0.2","","16","4","128","l2","","","[256,256]","32","gated","","256","false","1","","","","[256,256]","logistic_ns","0.0003","nn","0","0.1","false","1","30","256","100","","1000","60","0.001","false","false","1","","","","","","","","","","","","","","","8000","0.01","150","0.0003","0","rq","[]","[]","","1","1","true","","1","1","true","","","","false","false","256","false","","false","false","exp","450","true","0","0","0","0.01","","","","","/tmp/tmpz1ow7677/labels.pth","15","cuda:0","false","simplified.strong_subs","0","kmeans-fdm","4","","experiments/finn","15","false","true","true","","false","","","","0.8421052631578947","","","100","100","","0.6940371456500489","","","0.3009174456718482","","","","","","0.6975566037922906","","","","","","0.9949545913218972","","","","","","","","","","","0.6060398248676899","0.9978165938864628","0.60625","0","0.5663026521060842","0.6556099732858415","0.681150057763254","","","","","","","","1.296147346496582","","","0.012000384740531445","","0.2301097959280014","0.03625498712062836","1.296147346496582","0.013368457555770874","0.006987183354794979","","0.31014581973219524","","","0.99515503875969","","","1","","","0.009671179883945835","","","","","","0.9903288201160542","","","","","","0.9903288201160542","","","","","","","","","","","","0.6812627291242362","","","0.3838582677165354","","","0.6161417322834646","","","","","","0.3838582677165354","","","","","","1","","","","","","","","","","","","","0.1906158357771261","","","0.29273431558513424","","","","","","0.39436386900862624","","","","","","0.48335015136226034","","","","","","","","","","","0.8421052631578947","0.6940371456500489","0.3009174456718482","","0.6975566037922906","","0.9949545913218972","","","","0.31014581973219524","0.99515503875969","1","0.009671179883945835","","0.9903288201160542","","0.9903288201160542","","","","0.6812627291242362","0.3838582677165354","0.6161417322834646","","0.3838582677165354","","1","","","","","0.1906158357771261","0.29273431558513424","","0.39436386900862624","","0.48335015136226034","","","","","","","","","","","","","","","","","","","","","","",""
"fearless-planet-972","finished","-","tmkehrenberg","","2021-01-31T17:32:17.000Z","1475","","","","true","subsampled","[]","0","0.7","0.4","0.2","1","","1","0.3","0","1","","","","","","","256","[256]","both","30","1","150","0.0003","","false","0","1000","ae","100","40","0.001","","false","false","0.000001","0","0","5","0.0001","100","[100,100]","0.001","false","0","50","0.5","0.001","kmeans","ranking","false","1","1","256","0.5","false","exp","10","0","0","true","","","","false","","true","true","","","1","[2,4]","0.66666666","1","","","","","","","0","","1","","","","","","","","false","false","","","2","eight","","false","0","false","0.2","","16","4","128","l2","","","[256,256]","32","gated","","256","false","1","","","","[256,256]","logistic_ns","0.0003","nn","0","0.1","false","1","30","256","100","","1000","60","0.001","false","false","1","","","","","","","","","","","","","","","8000","0.01","150","0.0003","0","rq","[]","[]","","1","1","true","","1","1","true","","","","false","false","256","false","","false","false","exp","450","true","0","0","0","0.01","","","","","/tmp/tmpngtkr53c/labels.pth","14","cuda:0","false","simplified.strong_subs","0","kmeans-fdm","4","","experiments/finn","14","false","true","true","","false","","","","0.987090367428004","","","75","100","","0.9783464566929134","","","0.017645527275022443","","","","","","0.9822834645669292","","","","","","0.995991983967936","","","","","","","","","","","0.5585393271823881","0.5457721872816212","0","0.9186351706036744","1","0.6780927268732146","0.6994279402946586","","","","","","","","1.5739368200302124","","","0.002041846513748169","","0.4387710094451904","0.04478214681148529","1.5739368200302124","0.01679287338629365","0.004973964765667915","","0.018754857383694815","","","0.9815891472868216","","","0.9700374531835206","","","0.02393845043093723","","","","","","0.9759164680512996","","","","","","0.993975903614458","","","","","","","","","","","","0.9928716904276986","","","0.9875518672199172","","","0.010448132780082942","","","","","","0.9895309290780732","","","","","","0.998","","","","","","","","","","","","","0.484251968503937","","","0.018754043520111063","","","","","","0.9627160648743608","","","","","","0.503006012024048","","","","","","","","","","","0.987090367428004","0.9783464566929134","0.017645527275022443","","0.9822834645669292","","0.995991983967936","","","","0.018754857383694815","0.9815891472868216","0.9700374531835206","0.02393845043093723","","0.9759164680512996","","0.993975903614458","","","","0.9928716904276986","0.9875518672199172","0.010448132780082942","","0.9895309290780732","","0.998","","","","","0.484251968503937","0.018754043520111063","","0.9627160648743608","","0.503006012024048","","","","","","","","","","","","","","","","","","","","","","",""
"peach-frog-971","finished","-","tmkehrenberg","","2021-01-31T17:31:45.000Z","1604","","","","true","subsampled","[]","0","0.7","0.4","0.2","1","","1","0.3","0","1","","","","","","","256","[256]","both","30","1","150","0.0003","","false","0","1000","ae","100","40","0.001","","false","false","0.000001","0","0","5","0.0001","100","[100,100]","0.001","false","0","50","0.5","0.001","kmeans","ranking","false","1","1","256","0.5","false","exp","10","0","0","true","","","","false","","true","true","","","1","[2,4]","0.66666666","1","","","","","","","0","","1","","","","","","","","false","false","","","2","eight","","false","0","false","0.2","","16","4","128","l2","","","[256,256]","32","gated","","256","false","1","","","","[256,256]","logistic_ns","0.0003","nn","0","0.1","false","1","30","256","100","","1000","60","0.001","false","false","1","","","","","","","","","","","","","","","8000","0.01","150","0.0003","0","rq","[]","[]","","1","1","true","","1","1","true","","","","false","false","256","false","","false","false","exp","450","true","0","0","0","0.01","","","","","/tmp/tmprc9job19/labels.pth","12","cuda:0","false","simplified.strong_subs","0","kmeans-fdm","4","","experiments/finn","12","false","true","true","","false","","","","0.9920556107249257","","","97.265625","100","","0.9907597535934292","","","0.002509477175801633","","","","","","0.9974735176545656","","","","","","0.9932692307692308","","","","","","","","","","","0.3660332118085937","0.5079365079365079","0.5276752767527675","0.4450261780104712","0.5087719298245614","0.5065279929187874","0.464098863471591","","","","","","","","1.1154286861419678","","","-0.009258645586669443","","0.2484232485294342","0.033677004277706146","1.1154286861419678","0.010405641980469229","0.006446098443120718","","0.04129628489396413","","","0.9883720930232558","","","0.9903288201160542","","","0.003921053125762852","","","","","","0.996040655339806","","","","","","0.9864077669902912","","","","","","","","","","","","0.9959266802443992","","","0.9912472647702408","","","0.008752735229759279","","","","","","0.9912472647702408","","","","","","1","","","","","","","","","","","","","0.4702258726899384","","","0.04131258884852312","","","","","","0.9192385481156692","","","","","","0.5115384615384615","","","","","","","","","","","0.9920556107249257","0.9907597535934292","0.002509477175801633","","0.9974735176545656","","0.9932692307692308","","","","0.04129628489396413","0.9883720930232558","0.9903288201160542","0.003921053125762852","","0.996040655339806","","0.9864077669902912","","","","0.9959266802443992","0.9912472647702408","0.008752735229759279","","0.9912472647702408","","1","","","","","0.4702258726899384","0.04131258884852312","","0.9192385481156692","","0.5115384615384615","","","","","","","","","","","","","","","","","","","","","","",""
"helpful-lake-970","finished","-","tmkehrenberg","","2021-01-31T17:31:36.000Z","1579","","","","true","subsampled","[]","0","0.7","0.4","0.2","1","","1","0.3","0","1","","","","","","","256","[256]","both","30","1","150","0.0003","","false","0","1000","ae","100","40","0.001","","false","false","0.000001","0","0","5","0.0001","100","[100,100]","0.001","false","0","50","0.5","0.001","kmeans","ranking","false","1","1","256","0.5","false","exp","10","0","0","true","","","","false","","true","true","","","1","[2,4]","0.66666666","1","","","","","","","0","","1","","","","","","","","false","false","","","2","eight","","false","0","false","0.2","","16","4","128","l2","","","[256,256]","32","gated","","256","false","1","","","","[256,256]","logistic_ns","0.0003","nn","0","0.1","false","1","30","256","100","","1000","60","0.001","false","false","1","","","","","","","","","","","","","","","8000","0.01","150","0.0003","0","rq","[]","[]","","1","1","true","","1","1","true","","","","false","false","256","false","","false","false","exp","450","true","0","0","0","0.01","","","","","/tmp/tmpxo2c2kzb/labels.pth","13","cuda:0","false","simplified.strong_subs","0","kmeans-fdm","4","","experiments/finn","13","false","true","true","","false","","","","0.9910625620655412","","","100","100","","0.9901768172888016","","","0.0017910541971422056","","","","","","0.9981944433397232","","","","","","0.9919678714859438","","","","","","","","","","","0.3513393605159318","0.49782608695652175","0.4937655860349127","0.3838120104438642","0.5600608210846427","0.5145438519171441","0.4276778916660991","","","","","","","","1.2496365308761597","","","-0.009216356091201304","","0.18184587359428409","0.03345910459756851","1.2496365308761597","0.013834552839398384","0.0070364042185246944","","0.014735529808033537","","","0.9864341085271318","","","0.988593155893536","","","0.004403432573378052","","","","","","0.9955457585892368","","","","","","0.984189723320158","","","","","","","","","","","","0.9959266802443992","","","0.991869918699187","","","0.008130081300813052","","","","","","0.991869918699187","","","","","","1","","","","","","","","","","","","","0.4852652259332024","","","0.014734774066797627","","","","","","0.9705304518664049","","","","","","0.5","","","","","","","","","","","0.9910625620655412","0.9901768172888016","0.0017910541971422056","","0.9981944433397232","","0.9919678714859438","","","","0.014735529808033537","0.9864341085271318","0.988593155893536","0.004403432573378052","","0.9955457585892368","","0.984189723320158","","","","0.9959266802443992","0.991869918699187","0.008130081300813052","","0.991869918699187","","1","","","","","0.4852652259332024","0.014734774066797627","","0.9705304518664049","","0.5","","","","","","","","","","","","","","","","","","","","","","",""
"electric-lion-969","finished","-","tmkehrenberg","","2021-01-31T17:31:04.000Z","1524","","","","true","subsampled","[]","0","0.7","0.4","0.2","1","","1","0.3","0","1","","","","","","","256","[256]","both","30","1","150","0.0003","","false","0","1000","ae","100","40","0.001","","false","false","0.000001","0","0","5","0.0001","100","[100,100]","0.001","false","0","50","0.5","0.001","kmeans","ranking","false","1","1","256","0.5","false","exp","10","0","0","true","","","","false","","true","true","","","1","[2,4]","0.66666666","1","","","","","","","0","","1","","","","","","","","false","false","","","2","eight","","false","0","false","0.2","","16","4","128","l2","","","[256,256]","32","gated","","256","false","1","","","","[256,256]","logistic_ns","0.0003","nn","0","0.1","false","1","30","256","100","","1000","60","0.001","false","false","1","","","","","","","","","","","","","","","8000","0.01","150","0.0003","0","rq","[]","[]","","1","1","true","","1","1","true","","","","false","false","256","false","","false","false","exp","450","true","0","0","0","0.01","","","","","/tmp/tmp1irot9wp/labels.pth","11","cuda:0","false","simplified.strong_subs","0","kmeans-fdm","4","","experiments/finn","11","false","true","true","","false","","","","0.9791459781529296","","","100","100","","0.9782608695652174","","","0.0017790505944632606","","","","","","0.9981847161958736","","","","","","0.9800399201596808","","","","","","","","","","","0.35280428321213547","0.5070224719101124","0.981981981981982","0.01507537688442211","0.412137203166227","0.5055629728526925","0.5250030851373876","","","","","","","","1.5105708837509155","","","0.14249387383461","","0.1358337551355362","0.04538639634847641","1.5105708837509155","0.017346762120723724","0.006390372756868601","","0.0010473620689149218","","","0.9622093023255814","","","0.9614643545279384","","","0.0014986084350245843","","","","","","0.998443752779013","","","","","","0.9629629629629628","","","","","","","","","","","","0.9969450101832994","","","0.995943204868154","","","0.0020118053567947936","","","","","","0.9979840720912444","","","","","","0.9979550102249488","","","","","","","","","","","","","0.5049407114624506","","","0.0010473124896452912","","","","","","0.9979301634820028","","","","","","0.5059880239520959","","","","","","","","","","","0.9791459781529296","0.9782608695652174","0.0017790505944632606","","0.9981847161958736","","0.9800399201596808","","","","0.0010473620689149218","0.9622093023255814","0.9614643545279384","0.0014986084350245843","","0.998443752779013","","0.9629629629629628","","","","0.9969450101832994","0.995943204868154","0.0020118053567947936","","0.9979840720912444","","0.9979550102249488","","","","","0.5049407114624506","0.0010473124896452912","","0.9979301634820028","","0.5059880239520959","","","","","","","","","","","","","","","","","","","","","","",""
"eager-glade-968","finished","-","tmkehrenberg","","2021-01-31T17:30:51.000Z","1552","","","","true","subsampled","[]","0","0.7","0.4","0.2","1","","1","0.3","0","1","","","","","","","256","[256]","both","30","1","150","0.0003","","false","0","1000","ae","100","40","0.001","","false","false","0.000001","0","0","5","0.0001","100","[100,100]","0.001","false","0","50","0.5","0.001","kmeans","ranking","false","1","1","256","0.5","false","exp","10","0","0","true","","","","false","","true","true","","","1","[2,4]","0.66666666","1","","","","","","","0","","1","","","","","","","","false","false","","","2","eight","","false","0","false","0.2","","16","4","128","l2","","","[256,256]","32","gated","","256","false","1","","","","[256,256]","logistic_ns","0.0003","nn","0","0.1","false","1","30","256","100","","1000","60","0.001","false","false","1","","","","","","","","","","","","","","","8000","0.01","150","0.0003","0","rq","[]","[]","","1","1","true","","1","1","true","","","","false","false","256","false","","false","false","exp","450","true","0","0","0","0.01","","","","","/tmp/tmpquwud5w5/labels.pth","10","cuda:0","false","simplified.strong_subs","0","kmeans-fdm","4","","experiments/finn","10","false","true","true","","false","","","","0.7547169811320755","","","100","100","","0.5050200803212851","","","0.4939976014075951","","","","","","0.5055166585713552","","","","","","0.9990176817288802","","","","","","","","","","","0.6153500183634425","1","0.9064475347661188","0","0.5908855515277058","0.7240388864339372","0.7170125394789312","","","","","","","","1.2761505842208862","","","-0.011644142679870129","","0.19143472611904144","0.032816555351018906","1.2761505842208862","0.01440391456708312","0.006866954267024994","","0.5593561589979588","","","1","","","1","","","0","","","","","","1","","","","","","1","","","","","","","","","","","","0.4969450101832994","","","0","","","0.9979550102249488","","","","","","0","","","","","","0.9979550102249488","","","","","","","","","","","","","0","","","0.4793713163064833","","","","","","0","","","","","","0.4793713163064833","","","","","","","","","","","0.7547169811320755","0.5050200803212851","0.4939976014075951","","0.5055166585713552","","0.9990176817288802","","","","0.5593561589979588","1","1","0","","1","","1","","","","0.4969450101832994","0","0.9979550102249488","","0","","0.9979550102249488","","","","","0","0.4793713163064833","","0","","0.4793713163064833","","","","","","","","","","","","","","","","","","","","","","",""
"splendid-valley-967","finished","-","tmkehrenberg","","2021-01-31T17:30:49.000Z","1520","","","","true","subsampled","[]","0","0.7","0.4","0.2","1","","1","0.3","0","1","","","","","","","256","[256]","both","30","1","150","0.0003","","false","0","1000","ae","100","40","0.001","","false","false","0.000001","0","0","5","0.0001","100","[100,100]","0.001","false","0","50","0.5","0.001","kmeans","ranking","false","1","1","256","0.5","false","exp","10","0","0","true","","","","false","","true","true","","","1","[2,4]","0.66666666","1","","","","","","","0","","1","","","","","","","","false","false","","","2","eight","","false","0","false","0.2","","16","4","128","l2","","","[256,256]","32","gated","","256","false","1","","","","[256,256]","logistic_ns","0.0003","nn","0","0.1","false","1","30","256","100","","1000","60","0.001","false","false","1","","","","","","","","","","","","","","","8000","0.01","150","0.0003","0","rq","[]","[]","","1","1","true","","1","1","true","","","","false","false","256","false","","false","false","exp","450","true","0","0","0","0.01","","","","","/tmp/tmp710_2vof/labels.pth","9","cuda:0","false","simplified.strong_subs","0","kmeans-fdm","4","","experiments/finn","9","false","true","true","","false","","","","0.7517378351539226","","","100","100","","0.5118110236220472","","","0.48418096034588864","","","","","","0.5138706253267638","","","","","","0.995991983967936","","","","","","","","","","","0.5132982265413235","1","0.8073047858942065","0.005128205128205128","0.46558915537017725","0.6526175687666371","0.6228212170688003","","","","","","","","1.2817864418029783","","","-0.0025195421185344458","","0.194446325302124","0.03206472843885422","1.2817864418029783","0.014457528479397295","0.006698368117213249","","0.5690337699323125","","","0.998062015503876","","","1","","","0.00390625","","","","","","0.99609375","","","","","","0.99609375","","","","","","","","","","","","0.49287169042769857","","","0","","","0.9958847736625516","","","","","","0","","","","","","0.9958847736625516","","","","","","","","","","","","","0","","","0.4869739478957916","","","","","","0","","","","","","0.4869739478957916","","","","","","","","","","","0.7517378351539226","0.5118110236220472","0.48418096034588864","","0.5138706253267638","","0.995991983967936","","","","0.5690337699323125","0.998062015503876","1","0.00390625","","0.99609375","","0.99609375","","","","0.49287169042769857","0","0.9958847736625516","","0","","0.9958847736625516","","","","","0","0.4869739478957916","","0","","0.4869739478957916","","","","","","","","","","","","","","","","","","","","","","",""
"skilled-cosmos-966","finished","-","tmkehrenberg","","2021-01-31T17:29:47.000Z","1475","","","","true","subsampled","[]","0","0.7","0.4","0.2","1","","1","0.3","0","1","","","","","","","256","[256]","both","30","1","150","0.0003","","false","0","1000","ae","100","40","0.001","","false","false","0.000001","0","0","5","0.0001","100","[100,100]","0.001","false","0","50","0.5","0.001","kmeans","ranking","false","1","1","256","0.5","false","exp","10","0","0","true","","","","false","","true","true","","","1","[2,4]","0.66666666","1","","","","","","","0","","1","","","","","","","","false","false","","","2","eight","","false","0","false","0.2","","16","4","128","l2","","","[256,256]","32","gated","","256","false","1","","","","[256,256]","logistic_ns","0.0003","nn","0","0.1","false","1","30","256","100","","1000","60","0.001","false","false","1","","","","","","","","","","","","","","","8000","0.01","150","0.0003","0","rq","[]","[]","","1","1","true","","1","1","true","","","","false","false","256","false","","false","false","exp","450","true","0","0","0","0.01","","","","","/tmp/tmpig1vb8bv/labels.pth","8","cuda:0","false","simplified.strong_subs","0","kmeans-fdm","4","","experiments/finn","8","false","true","true","","false","","","","0.9761668321747764","","","89.0625","100","","0.9624134520276952","","","0.027616458241497055","","","","","","0.9721054303965544","","","","","","0.9900299102691924","","","","","","","","","","","0.5551732909404316","0.5793539325842697","0","0.9506493506493506","1","0.6926464112725671","0.6909242875003174","","","","","","","","1.5931516885757446","","","0.003623646451160312","","0.29780998826026917","0.03072171099483967","1.5931516885757446","0.01855683885514736","0.006663088221102953","","0.02181261252963962","","","0.9602713178294574","","","0.9362934362934364","","","0.048142361371933395","","","","","","0.9510964945747554","","","","","","0.9844357976653696","","","","","","","","","","","","0.9928716904276986","","","0.9898580121703854","","","0.006052008279512355","","","","","","0.99392313747704","","","","","","0.9959100204498976","","","","","","","","","","","","","0.5153313550939663","","","0.021811913418991247","","","","","","0.957674002943186","","","","","","0.4935194416749751","","","","","","","","","","","0.9761668321747764","0.9624134520276952","0.027616458241497055","","0.9721054303965544","","0.9900299102691924","","","","0.02181261252963962","0.9602713178294574","0.9362934362934364","0.048142361371933395","","0.9510964945747554","","0.9844357976653696","","","","0.9928716904276986","0.9898580121703854","0.006052008279512355","","0.99392313747704","","0.9959100204498976","","","","","0.5153313550939663","0.021811913418991247","","0.957674002943186","","0.4935194416749751","","","","","","","","","","","","","","","","","","","","","","",""
"glamorous-frog-965","finished","-","tmkehrenberg","","2021-01-31T17:01:05.000Z","1558","","","","true","subsampled","[]","0","0.7","0.4","0.2","1","","1","0.3","0","1","","","","","","","256","[256]","both","30","1","150","0.0003","","false","0","1000","ae","100","40","0.001","","false","false","0.000001","0","0","5","0.0001","100","[100,100]","0.001","false","0","50","0.5","0.001","kmeans","ranking","false","1","1","256","0.5","false","exp","10","0","0","true","","","","false","","true","true","","","1","[2,4]","0.66666666","1","","","","","","","0","","1","","","","","","","","false","false","","","2","eight","","false","0","false","0.2","","16","4","128","l2","","","[256,256]","32","gated","","256","false","1","","","","[256,256]","logistic_ns","0.0003","nn","0","0.1","false","1","30","256","100","","1000","60","0.001","false","false","1","","","","","","","","","","","","","","","8000","0.01","150","0.0003","0","rq","[]","[]","","1","1","true","","1","1","true","","","","false","false","256","false","","false","false","exp","450","true","0","0","0","0.01","","","","","/tmp/tmp5j3j8lo5/labels.pth","1","cuda:0","false","simplified.strong_subs","0","kmeans-fdm","4","","experiments/finn","1","false","true","true","","false","","","","0.766137040714995","","","100","100","","0.5149638802889577","","","0.4840791819119993","","","","","","0.5154571407106904","","","","","","0.999043062200957","","","","","","","","","","","0.4446714237139951","1","0.4421182266009852","0","0.5158102766798419","0.6018884497145367","0.5439268580470495","","","","","","","","1.2644091844558716","","","-0.012670415453612804","","0.19438990950584412","0.036372508853673935","1.2644091844558716","0.014122179709374905","0.0068041617050766945","","0.5629529246722215","","","0.999031007751938","","","1","","","0.001876172607879978","","","","","","0.99812382739212","","","","","","0.99812382739212","","","","","","","","","","","","0.5213849287169042","","","0","","","1","","","","","","0","","","","","","1","","","","","","","","","","","","","0","","","0.4909090909090909","","","","","","0","","","","","","0.4909090909090909","","","","","","","","","","","0.766137040714995","0.5149638802889577","0.4840791819119993","","0.5154571407106904","","0.999043062200957","","","","0.5629529246722215","0.999031007751938","1","0.001876172607879978","","0.99812382739212","","0.99812382739212","","","","0.5213849287169042","0","1","","0","","1","","","","","0","0.4909090909090909","","0","","0.4909090909090909","","","","","","","","","","","","","","","","","","","","","","",""
"gentle-monkey-964","finished","-","tmkehrenberg","","2021-01-31T17:01:04.000Z","1613","","","","true","subsampled","[]","0","0.7","0.4","0.2","1","","1","0.3","0","1","","","","","","","256","[256]","both","30","1","150","0.0003","","false","0","1000","ae","100","40","0.001","","false","false","0.000001","0","0","5","0.0001","100","[100,100]","0.001","false","0","50","0.5","0.001","kmeans","ranking","false","1","1","256","0.5","false","exp","10","0","0","true","","","","false","","true","true","","","1","[2,4]","0.66666666","1","","","","","","","0","","1","","","","","","","","false","false","","","2","eight","","false","0","false","0.2","","16","4","128","l2","","","[256,256]","32","gated","","256","false","1","","","","[256,256]","logistic_ns","0.0003","nn","0","0.1","false","1","30","256","100","","1000","60","0.001","false","false","1","","","","","","","","","","","","","","","8000","0.01","150","0.0003","0","rq","[]","[]","","1","1","true","","1","1","true","","","","false","false","256","false","","false","false","exp","450","true","0","0","0","0.01","","","","","/tmp/tmp1k4ehb28/labels.pth","0","cuda:0","false","simplified.strong_subs","0","kmeans-fdm","4","","experiments/finn","0","false","true","true","","false","","","","0.9925521350546176","","","98.828125","100","","0.996031746031746","","","0.006966139669916993","","","","","","0.9930061067855812","","","","","","0.989065606361829","","","","","","","","","","","0.27641560110511565","0.5159883720930233","0.4102244389027431","0.4467005076142132","0.5251948051948052","0.494996664442962","0.3233839723290155","","","","","","","","1.2892547845840454","","","0.007404428906738758","","0.2429540455341339","0.03102440200746059","1.2892547845840454","0.013633436057716608","0.006524001248180866","","0.005977000459991574","","","0.9893410852713178","","","0.998031496062992","","","0.01711546552864096","","","","","","0.9828507761567068","","","","","","0.9809160305343512","","","","","","","","","","","","0.9959266802443992","","","0.994","","","0.003925311203319515","","","","","","0.996066528066528","","","","","","0.9979253112033196","","","","","","","","","","","","","0.494047619047619","","","0.005976048471078299","","","","","","0.9879039018898657","","","","","","0.4880715705765408","","","","","","","","","","","0.9925521350546176","0.996031746031746","0.006966139669916993","","0.9930061067855812","","0.989065606361829","","","","0.005977000459991574","0.9893410852713178","0.998031496062992","0.01711546552864096","","0.9828507761567068","","0.9809160305343512","","","","0.9959266802443992","0.994","0.003925311203319515","","0.996066528066528","","0.9979253112033196","","","","","0.494047619047619","0.005976048471078299","","0.9879039018898657","","0.4880715705765408","","","","","","","","","","","","","","","","","","","","","","",""
"fluent-plasma-962","finished","-","tmkehrenberg","","2021-01-31T17:00:58.000Z","1487","","","","true","subsampled","[]","0","0.7","0.4","0.2","1","","1","0.3","0","1","","","","","","","256","[256]","both","30","1","150","0.0003","","false","0","1000","ae","100","40","0.001","","false","false","0.000001","0","0","5","0.0001","100","[100,100]","0.001","false","0","50","0.5","0.001","kmeans","ranking","false","1","1","256","0.5","false","exp","10","0","0","true","","","","false","","true","true","","","1","[2,4]","0.66666666","1","","","","","","","0","","1","","","","","","","","false","false","","","2","eight","","false","0","false","0.2","","16","4","128","l2","","","[256,256]","32","gated","","256","false","1","","","","[256,256]","logistic_ns","0.0003","nn","0","0.1","false","1","30","256","100","","1000","60","0.001","false","false","1","","","","","","","","","","","","","","","8000","0.01","150","0.0003","0","rq","[]","[]","","1","1","true","","1","1","true","","","","false","false","256","false","","false","false","exp","450","true","0","0","0","0.01","","","","","/tmp/tmpl6payevh/labels.pth","4","cuda:0","false","simplified.strong_subs","0","kmeans-fdm","4","","experiments/finn","4","false","true","true","","false","","","","0.9285004965243296","","","75","99.609375","","0.8835143139190523","","","0.09051166010692167","","","","","","0.9070746956235604","","","","","","0.974025974025974","","","","","","","","","","","0.5247671594326043","0.4126870990734141","0","0.9766233766233766","1","0.6390977443609023","0.6531119189901212","","","","","","","","2.3342645168304443","","","0.35610830783843994","","0.4067382216453552","0.08051563799381256","2.3342645168304443","0.02346608228981495","0.006351963151246309","","0.07150274863483716","","","0.999031007751938","","","1","","","0.001908396946564861","","","","","","0.9980916030534353","","","","","","0.9980916030534353","","","","","","","","","","","","0.8543788187372708","","","0.7663366336633664","","","0.1812524648691284","","","","","","0.8087225094190835","","","","","","0.9475890985324948","","","","","","","","","","","","","0.3820335636722606","","","0.07051388887519194","","","","","","0.8441845413596752","","","","","","0.45254745254745254","","","","","","","","","","","0.9285004965243296","0.8835143139190523","0.09051166010692167","","0.9070746956235604","","0.974025974025974","","","","0.07150274863483716","0.999031007751938","1","0.001908396946564861","","0.9980916030534353","","0.9980916030534353","","","","0.8543788187372708","0.7663366336633664","0.1812524648691284","","0.8087225094190835","","0.9475890985324948","","","","","0.3820335636722606","0.07051388887519194","","0.8441845413596752","","0.45254745254745254","","","","","","","","","","","","","","","","","","","","","","",""
"ruby-sound-963","finished","-","tmkehrenberg","","2021-01-31T17:00:58.000Z","1489","","","","true","subsampled","[]","0","0.7","0.4","0.2","1","","1","0.3","0","1","","","","","","","256","[256]","both","30","1","150","0.0003","","false","0","1000","ae","100","40","0.001","","false","false","0.000001","0","0","5","0.0001","100","[100,100]","0.001","false","0","50","0.5","0.001","kmeans","ranking","false","1","1","256","0.5","false","exp","10","0","0","true","","","","false","","true","true","","","1","[2,4]","0.66666666","1","","","","","","","0","","1","","","","","","","","false","false","","","2","eight","","false","0","false","0.2","","16","4","128","l2","","","[256,256]","32","gated","","256","false","1","","","","[256,256]","logistic_ns","0.0003","nn","0","0.1","false","1","30","256","100","","1000","60","0.001","false","false","1","","","","","","","","","","","","","","","8000","0.01","150","0.0003","0","rq","[]","[]","","1","1","true","","1","1","true","","","","false","false","256","false","","false","false","exp","450","true","0","0","0","0.01","","","","","/tmp/tmpiv21nvdc/labels.pth","5","cuda:0","false","simplified.strong_subs","0","kmeans-fdm","4","","experiments/finn","5","false","true","true","","false","","","","0.5794438927507448","","","88.671875","81.640625","","0.5269461077844312","","","0.1044768171167546","","","","","","0.8345374977744043","","","","","","0.6314229249011858","","","","","","","","","","","0.570568286463447","0.5197368421052632","0.17097170971709716","0.9537275064267352","1","0.7004884547069272","0.6100042559654169","","","","","","","","4.850915431976318","","","0.09871341288089752","","0.2929067313671112","0.5447993278503418","4.850915431976318","0.06439590081572533","0.013894019648432732","","0.8774383332174615","","","0.6385658914728682","","","1","","","0.7400793650793651","","","","","","0.25992063492063494","","","","","","0.25992063492063494","","","","","","","","","","","","0.5173116089613035","","","0","","","1","","","","","","0","","","","","","1","","","","","","","","","","","","","0","","","0.8705533596837944","","","","","","0","","","","","","0.8705533596837944","","","","","","","","","","","0.5794438927507448","0.5269461077844312","0.1044768171167546","","0.8345374977744043","","0.6314229249011858","","","","0.8774383332174615","0.6385658914728682","1","0.7400793650793651","","0.25992063492063494","","0.25992063492063494","","","","0.5173116089613035","0","1","","0","","1","","","","","0","0.8705533596837944","","0","","0.8705533596837944","","","","","","","","","","","","","","","","","","","","","","",""
"drawn-wind-961","finished","-","tmkehrenberg","","2021-01-31T17:00:51.000Z","1450","","","","true","subsampled","[]","0","0.7","0.4","0.2","1","","1","0.3","0","1","","","","","","","256","[256]","both","30","1","150","0.0003","","false","0","1000","ae","100","40","0.001","","false","false","0.000001","0","0","5","0.0001","100","[100,100]","0.001","false","0","50","0.5","0.001","kmeans","ranking","false","1","1","256","0.5","false","exp","10","0","0","true","","","","false","","true","true","","","1","[2,4]","0.66666666","1","","","","","","","0","","1","","","","","","","","false","false","","","2","eight","","false","0","false","0.2","","16","4","128","l2","","","[256,256]","32","gated","","256","false","1","","","","[256,256]","logistic_ns","0.0003","nn","0","0.1","false","1","30","256","100","","1000","60","0.001","false","false","1","","","","","","","","","","","","","","","8000","0.01","150","0.0003","0","rq","[]","[]","","1","1","true","","1","1","true","","","","false","false","256","false","","false","false","exp","450","true","0","0","0","0.01","","","","","/tmp/tmp8zkqkxf2/labels.pth","7","cuda:0","false","simplified.strong_subs","0","kmeans-fdm","4","","experiments/finn","7","false","true","true","","false","","","","0.958291956305859","","","77.34375","100","","0.9262948207171314","","","0.06380418918385866","","","","","","0.9355577689243028","","","","","","0.99009900990099","","","","","","","","","","","0.4843061777016191","0.4985734664764622","0","0.8151898734177215","1","0.6501892674237364","0.5890574800937021","","","","","","","","1.5196532011032104","","","0.003134655999019742","","0.34870660305023193","0.04113873839378357","1.5196532011032104","0.01652976404875517","0.006003699731081724","","0.044827119905456264","","","0.9292635658914729","","","0.8728323699421965","","","0.1135224058862635","","","","","","0.8849071260481163","","","","","","0.98635477582846","","","","","","","","","","","","0.9887983706720976","","","0.9835051546391752","","","0.010458628057001818","","","","","","0.9894778580074294","","","","","","0.993963782696177","","","","","","","","","","","","","0.5408366533864541","","","0.04479704942605811","","","","","","0.91717083310541","","","","","","0.496039603960396","","","","","","","","","","","0.958291956305859","0.9262948207171314","0.06380418918385866","","0.9355577689243028","","0.99009900990099","","","","0.044827119905456264","0.9292635658914729","0.8728323699421965","0.1135224058862635","","0.8849071260481163","","0.98635477582846","","","","0.9887983706720976","0.9835051546391752","0.010458628057001818","","0.9894778580074294","","0.993963782696177","","","","","0.5408366533864541","0.04479704942605811","","0.91717083310541","","0.496039603960396","","","","","","","","","","","","","","","","","","","","","","",""
"absurd-paper-960","finished","-","tmkehrenberg","","2021-01-31T17:00:50.000Z","1527","","","","true","subsampled","[]","0","0.7","0.4","0.2","1","","1","0.3","0","1","","","","","","","256","[256]","both","30","1","150","0.0003","","false","0","1000","ae","100","40","0.001","","false","false","0.000001","0","0","5","0.0001","100","[100,100]","0.001","false","0","50","0.5","0.001","kmeans","ranking","false","1","1","256","0.5","false","exp","10","0","0","true","","","","false","","true","true","","","1","[2,4]","0.66666666","1","","","","","","","0","","1","","","","","","","","false","false","","","2","eight","","false","0","false","0.2","","16","4","128","l2","","","[256,256]","32","gated","","256","false","1","","","","[256,256]","logistic_ns","0.0003","nn","0","0.1","false","1","30","256","100","","1000","60","0.001","false","false","1","","","","","","","","","","","","","","","8000","0.01","150","0.0003","0","rq","[]","[]","","1","1","true","","1","1","true","","","","false","false","256","false","","false","false","exp","450","true","0","0","0","0.01","","","","","/tmp/tmp_gy1rc8d/labels.pth","6","cuda:0","false","simplified.strong_subs","0","kmeans-fdm","4","","experiments/finn","6","false","true","true","","false","","","","0.9692154915590864","","","96.875","100","","0.9391824526420738","","","0.05982842767444452","","","","","","0.9401123362585512","","","","","","0.9990108803165184","","","","","","","","","","","0.34944314756126205","0.5230094959824689","0.9214463840399002","0.07474226804123711","0.4431412544620092","0.5205752212389381","0.4869763047951379","","","","","","","","1.2714680433273315","","","0.004114806652069092","","0.26876747608184814","0.03790263086557388","1.2714680433273315","0.012671620585024357","0.006542040500789881","","0.03379234953724749","","","0.9612403100775194","","","0.9260628465804066","","","0.0739371534195934","","","","","","0.9260628465804066","","","","","","1","","","","","","","","","","","","0.9775967413441956","","","0.9545454545454546","","","0.0435314685314685","","","","","","0.9563846558066212","","","","","","0.9980769230769232","","","","","","","","","","","","","0.4795613160518445","","","0.03379179967515844","","","","","","0.9341743555460786","","","","","","0.5133531157270029","","","","","","","","","","","0.9692154915590864","0.9391824526420738","0.05982842767444452","","0.9401123362585512","","0.9990108803165184","","","","0.03379234953724749","0.9612403100775194","0.9260628465804066","0.0739371534195934","","0.9260628465804066","","1","","","","0.9775967413441956","0.9545454545454546","0.0435314685314685","","0.9563846558066212","","0.9980769230769232","","","","","0.4795613160518445","0.03379179967515844","","0.9341743555460786","","0.5133531157270029","","","","","","","","","","","","","","","","","","","","","","",""
"dashing-firefly-958","finished","-","tmkehrenberg","","2021-01-31T17:00:46.000Z","1623","","","","true","subsampled","[]","0","0.7","0.4","0.2","1","","1","0.3","0","1","","","","","","","256","[256]","both","30","1","150","0.0003","","false","0","1000","ae","100","40","0.001","","false","false","0.000001","0","0","5","0.0001","100","[100,100]","0.001","false","0","50","0.5","0.001","kmeans","ranking","false","1","1","256","0.5","false","exp","10","0","0","true","","","","false","","true","true","","","1","[2,4]","0.66666666","1","","","","","","","0","","1","","","","","","","","false","false","","","2","eight","","false","0","false","0.2","","16","4","128","l2","","","[256,256]","32","gated","","256","false","1","","","","[256,256]","logistic_ns","0.0003","nn","0","0.1","false","1","30","256","100","","1000","60","0.001","false","false","1","","","","","","","","","","","","","","","8000","0.01","150","0.0003","0","rq","[]","[]","","1","1","true","","1","1","true","","","","false","false","256","false","","false","false","exp","450","true","0","0","0","0.01","","","","","/tmp/tmpux6k0k4b/labels.pth","3","cuda:0","false","simplified.strong_subs","0","kmeans-fdm","4","","experiments/finn","3","false","true","true","","false","","","","0.9945382323733865","","","99.609375","100","","0.9927685950413224","","","0.0034073131804750467","","","","","","0.9965796069224788","","","","","","0.9961759082217974","","","","","","","","","","","0.37068649374226686","0.4718058529621698","0.5417721518987342","0.4595300261096606","0.5549923973644196","0.5190235319991203","0.46277593831165426","","","","","","","","1.2355948686599731","","","0.004238724708557129","","0.21813440322875977","0.029312293976545337","1.2355948686599731","0.012786582112312315","0.006891606375575066","","0.00895404147483892","","","0.99515503875969","","","0.997983870967742","","","0.005446557534906082","","","","","","0.9945424393185588","","","","","","0.9925373134328358","","","","","","","","","","","","0.9938900203665988","","","0.9872881355932204","","","0.012711864406779627","","","","","","0.9872881355932204","","","","","","1","","","","","","","","","","","","","0.4824380165289256","","","0.008957776970118403","","","","","","0.9817707495899926","","","","","","0.491395793499044","","","","","","","","","","","0.9945382323733865","0.9927685950413224","0.0034073131804750467","","0.9965796069224788","","0.9961759082217974","","","","0.00895404147483892","0.99515503875969","0.997983870967742","0.005446557534906082","","0.9945424393185588","","0.9925373134328358","","","","0.9938900203665988","0.9872881355932204","0.012711864406779627","","0.9872881355932204","","1","","","","","0.4824380165289256","0.008957776970118403","","0.9817707495899926","","0.491395793499044","","","","","","","","","","","","","","","","","","","","","","",""
"vivid-terrain-959","finished","-","tmkehrenberg","","2021-01-31T17:00:46.000Z","1583","","","","true","subsampled","[]","0","0.7","0.4","0.2","1","","1","0.3","0","1","","","","","","","256","[256]","both","30","1","150","0.0003","","false","0","1000","ae","100","40","0.001","","false","false","0.000001","0","0","5","0.0001","100","[100,100]","0.001","false","0","50","0.5","0.001","kmeans","ranking","false","1","1","256","0.5","false","exp","10","0","0","true","","","","false","","true","true","","","1","[2,4]","0.66666666","1","","","","","","","0","","1","","","","","","","","false","false","","","2","eight","","false","0","false","0.2","","16","4","128","l2","","","[256,256]","32","gated","","256","false","1","","","","[256,256]","logistic_ns","0.0003","nn","0","0.1","false","1","30","256","100","","1000","60","0.001","false","false","1","","","","","","","","","","","","","","","8000","0.01","150","0.0003","0","rq","[]","[]","","1","1","true","","1","1","true","","","","false","false","256","false","","false","false","exp","450","true","0","0","0","0.01","","","","","/tmp/tmp6ofin98e/labels.pth","2","cuda:0","false","simplified.strong_subs","0","kmeans-fdm","4","","experiments/finn","2","false","true","true","","false","","","","0.766137040714995","","","100","100","","0.5249237029501526","","","0.4711965686308368","","","","","","0.526968196437787","","","","","","0.9961202715809894","","","","","","","","","","","0.44346778452957314","1","0.48911651728553135","0","0.4729374671571203","0.5994659546061415","0.5281921890580974","","","","","","","","1.20575213432312","","","0.0012175083393231034","","0.1893838346004486","0.025234848260879517","1.20575213432312","0.012819464318454266","0.006978853605687618","","0.5723348935724694","","","0.998062015503876","","","1","","","0.003875968992248069","","","","","","0.996124031007752","","","","","","0.996124031007752","","","","","","","","","","","","0.5224032586558045","","","0","","","0.996116504854369","","","","","","0","","","","","","0.996116504854369","","","","","","","","","","","","","0","","","0.4995150339476237","","","","","","0","","","","","","0.4995150339476237","","","","","","","","","","","0.766137040714995","0.5249237029501526","0.4711965686308368","","0.526968196437787","","0.9961202715809894","","","","0.5723348935724694","0.998062015503876","1","0.003875968992248069","","0.996124031007752","","0.996124031007752","","","","0.5224032586558045","0","0.996116504854369","","0","","0.996116504854369","","","","","0","0.4995150339476237","","0","","0.4995150339476237","","","","","","","","","","","","","","","","","","","","","","",""